scenario,mois,date_calendrier,annee,equipes,independants,organisateurs,organisateurs_solo,organisateurs_pro,clubs_tri,coachs_tri,athletes_tri,coachs_running,clubs_running,clients_multisport,clients_total_endurance,mrr_multisport,part_mrr_multisport_pct,arpu_equipe,mrr_equipes,mrr_independants,mrr_abonnements,mrr_marketplace,gmv_marketplace_mois,missions_vacataires_mois,commission_missions_pct,part_mrr_international_pct,mrr_enterprise,mrr_total,arr,marge_brute_pct,marge_brute_eur,cogs_variables,couts_infra_outils,couts_rh_equipe,effectif_etp,salaire_fondateur_net,dividendes_fondateur_net,remuneration_totale_net,remuneration_lissee_annuelle,mode_remuneration,cout_total_mensuel,resultat_net,tresorerie,multiple_valorisation,valorisation_eur,vs_ippogee,objectif_15k,objectif_100M
Leader Multisport (cyclisme + tri + run),1,déc. 2027,Y1,4.0,22.0,0.0,0.0,0.0,0.0,0.0,0.0,0.0,0.0,0.0,26.0,0.0,0.0,74.0,297.0,180.0,477.0,0.0,0.0,0.0,0.0,0.0,0,477.0,5725.0,83.8,400.0,77.0,2200.0,0.0,1,0,0.0,0.0,0.0,optimal,2200.0,-1800.0,118200.0,6.4,36641.0,En cours,,
Leader Multisport (cyclisme + tri + run),2,jan. 2028,Y1,8.0,44.0,0.0,0.0,0.0,0.0,0.0,0.0,0.0,0.0,0.0,52.0,0.0,0.0,74.0,592.0,359.0,950.0,0.0,0.0,0.0,0.0,0.0,0,950.0,11404.0,83.8,797.0,154.0,2200.0,0.0,1,0,0.0,0.0,0.0,optimal,2200.0,-1403.0,116797.0,6.4,72986.0,En cours,,
Leader Multisport (cyclisme + tri + run),3,fév. 2028,Y1,11.9,65.0,0.0,0.0,0.0,0.0,0.0,0.0,0.0,0.0,0.0,77.0,0.0,0.0,74.0,885.0,534.0,1420.0,0.0,0.0,0.0,0.0,0.0,0,1420.0,17037.0,83.8,1190.0,230.0,2200.0,250.0,2,0,0.0,0.0,0.0,optimal,2450.0,-1260.0,115537.0,7.0,119260.0,En cours,,
Leader Multisport (cyclisme + tri + run),4,mars 2028,Y1,15.9,87.0,0.0,0.0,0.0,0.0,0.0,0.0,0.0,0.0,0.0,103.0,0.0,0.0,74.0,1184.0,713.0,1897.0,0.0,0.0,0.0,0.0,1.2,0,1897.0,22764.0,83.8,1591.0,306.0,2200.0,250.0,2,0,0.0,0.0,0.0,optimal,2450.0,-859.0,114677.0,7.0,159350.0,En cours,,
Leader Multisport (cyclisme + tri + run),5,avr. 2028,Y1,20.0,109.0,0.0,0.0,0.0,0.0,0.0,0.0,0.0,0.0,0.0,129.0,0.0,0.0,74.0,1488.0,893.0,2381.0,0.0,0.0,0.0,0.0,2.3,0,2381.0,28570.0,83.9,1997.0,384.0,2200.0,250.0,2,0,0.0,0.0,0.0,optimal,2450.0,-453.0,114224.0,7.0,199987.0,En cours,,
Leader Multisport (cyclisme + tri + run),6,mai 2028,Y1,24.1,131.0,0.0,0.0,0.0,0.0,0.0,0.0,0.0,0.0,0.0,155.0,0.0,0.0,75.0,1796.0,1075.0,2871.0,0.0,0.0,0.0,0.0,3.5,0,2871.0,34453.0,83.9,2409.0,462.0,2200.0,1550.0,4,0,0.0,0.0,0.0,optimal,3750.0,-1341.0,112883.0,7.0,241171.0,En cours,,
Leader Multisport (cyclisme + tri + run),7,juin 2028,Y1,31.4,190.0,0.0,0.0,0.0,0.0,0.0,0.0,0.0,0.0,0.0,221.0,0.0,0.0,75.0,2347.0,1556.0,3903.0,0.0,0.0,0.0,0.0,4.7,0,3903.0,46839.0,83.9,3276.0,627.0,2200.0,1550.0,4,0,0.0,0.0,0.0,optimal,3750.0,-474.0,112409.0,7.0,327876.0,En cours,,
Leader Multisport (cyclisme + tri + run),8,juil. 2028,Y1,38.8,249.0,0.0,0.0,0.0,0.0,0.0,0.0,0.0,0.0,0.0,288.0,0.0,0.0,75.0,2906.0,2042.0,4948.0,0.0,0.0,0.0,0.0,5.8,0,4948.0,59377.0,84.0,4154.0,794.0,2200.0,1550.0,4,217.0,0.0,217.0,325.0,optimal,4154.0,0.0,112409.0,7.0,415637.0,En cours,,
Leader Multisport (cyclisme + tri + run),9,août 2028,Y1,46.2,309.0,0.0,0.0,0.0,0.0,0.0,0.0,0.0,0.0,0.0,355.0,0.0,0.0,75.0,3472.0,2533.0,6005.0,0.0,0.0,0.0,0.0,7.0,0,6005.0,72064.0,84.0,5044.0,962.0,2200.0,1550.0,4,693.0,0.0,693.0,1213.0,optimal,5044.0,0.0,112409.0,7.0,504451.0,En cours,,
Leader Multisport (cyclisme + tri + run),10,sept. 2028,Y1,53.7,369.0,0.0,0.0,0.0,0.0,0.0,0.0,0.0,0.0,0.0,423.0,0.0,0.0,75.0,4046.0,3029.0,7075.0,0.0,0.0,0.0,0.0,8.2,0,7075.0,84902.0,84.0,5944.0,1131.0,2200.0,1550.0,4,1175.0,0.0,1175.0,2502.0,optimal,5944.0,0.0,112409.0,7.0,594313.0,En cours,,
Leader Multisport (cyclisme + tri + run),11,oct. 2028,Y1,61.3,430.0,0.0,0.0,0.0,0.0,0.0,0.0,0.0,0.0,0.0,492.0,0.0,0.0,75.0,4628.0,3529.0,8157.0,0.0,0.0,0.0,0.0,9.3,0,8157.0,97888.0,84.0,6855.0,1302.0,2200.0,1550.0,4,1663.0,0.0,1663.0,4089.0,optimal,6855.0,0.0,112409.0,7.0,685218.0,En cours,,
Leader Multisport (cyclisme + tri + run),12,nov. 2028,Y1,69.0,492.0,0.0,0.0,0.0,0.0,0.0,0.0,0.0,0.0,0.0,561.0,0.0,0.0,76.0,5218.0,4034.0,9252.0,0.0,0.0,0.0,0.0,10.5,0,9252.0,111023.0,84.1,7777.0,1475.0,2200.0,1550.0,4,2000,0.0,2000.0,5749.0,optimal,7483.0,293.0,112702.0,9.0,999209.0,En cours,,
Leader Multisport (cyclisme + tri + run),13,déc. 2028,Y2,76.7,554.0,0.0,0.0,0.0,0.0,0.0,0.0,0.0,0.0,0.0,631.0,0.0,0.0,77.0,5879.0,4544.0,10423.0,0.0,0.0,0.0,0.0,11.7,0,10423.0,125070.0,84.1,8764.0,1659.0,4800.0,1550.0,4,1293.0,0.0,1293.0,6500.0,optimal,8764.0,0.0,112702.0,9.0,1125630.0,En cours,,
Leader Multisport (cyclisme + tri + run),14,jan. 2029,Y2,84.5,617.0,0.0,0.0,0.0,0.0,0.0,0.0,0.0,0.0,0.0,701.0,0.0,0.0,78.0,6561.0,5058.0,11619.0,0.0,0.0,0.0,0.0,12.8,0,11619.0,139423.0,84.1,9772.0,1846.0,4800.0,1550.0,4,1833.0,0.0,1833.0,7607.0,optimal,9772.0,0.0,112702.0,9.0,1254808.0,En cours,,
Leader Multisport (cyclisme + tri + run),15,fév. 2029,Y2,92.4,680.0,0.0,0.0,0.0,0.0,0.0,0.0,0.0,0.0,0.0,772.0,0.0,0.0,79.0,7264.0,5577.0,12840.0,0.0,0.0,0.0,0.0,14.0,0,12840.0,154085.0,84.1,10803.0,2037.0,4800.0,1550.0,4,2386.0,0.0,2386.0,9008.0,optimal,10803.0,0.0,112702.0,9.0,1386762.0,En cours,,
Leader Multisport (cyclisme + tri + run),16,mars 2029,Y2,100.4,744.0,0.0,0.0,0.0,0.0,0.0,0.0,0.0,0.0,0.0,844.0,0.0,0.0,80.0,7988.0,6100.0,14088.0,0.0,0.0,0.0,0.0,15.2,0,14088.0,169057.0,84.2,11857.0,2231.0,4800.0,1550.0,4,2500,0.0,2500.0,10320.0,optimal,11017.0,840.0,113543.0,9.0,1521516.0,En cours,,
Leader Multisport (cyclisme + tri + run),17,avr. 2029,Y2,108.4,808.0,0.0,0.0,0.0,0.0,0.0,0.0,0.0,0.0,0.0,917.0,0.0,0.0,81.0,8735.0,6627.0,15362.0,0.0,0.0,0.0,0.0,16.3,0,15362.0,184343.0,84.2,12933.0,2429.0,4800.0,1550.0,4,2500,0.0,2500.0,11478.0,optimal,11017.0,1916.0,115459.0,9.0,1659091.0,En cours,,
Leader Multisport (cyclisme + tri + run),18,mai 2029,Y2,116.4,873.0,0.0,0.0,0.0,0.0,0.0,0.0,0.0,0.0,0.0,989.0,0.0,0.0,82.0,9503.0,7159.0,16662.0,0,0.0,0.0,11.5,17.5,0,16662.0,199946.0,84.2,14032.0,2630.0,4800.0,1550.0,4,2500,0.0,2500.0,12507.0,optimal,11017.0,3015.0,118474.0,10.7,2139417.0,En cours,,
Leader Multisport (cyclisme + tri + run),19,juin 2029,Y2,128.5,977.0,0.0,0.0,0.0,0.0,0.0,0.0,0.0,0.0,0.0,1106.0,0.0,0.0,83.0,10615.0,8012.0,18628.0,40.0,399.0,0.5,11.5,19.6,0,18668.0,224011.0,84.3,15730.0,2938.0,4816.0,1550.0,4,2500,0.0,2500.0,13428.0,optimal,11033.0,4697.0,123171.0,10.7,2396917.0,En cours,,
Leader Multisport (cyclisme + tri + run),20,juil. 2029,Y2,140.7,1083.0,0.0,0.0,0.0,0.0,0.0,0.0,0.0,0.0,0.0,1224.0,0.0,0.0,84.0,11770.0,8882.0,20652.0,90.0,895.0,1.1,11.5,21.7,0,20742.0,248905.0,84.3,17487.0,3255.0,4832.0,1550.0,4,2500,0.0,2500.0,14256.0,optimal,11049.0,6439.0,129610.0,10.7,2663287.0,En cours,,
Leader Multisport (cyclisme + tri + run),21,août 2029,Y2,153.2,1191.0,0.0,0.0,0.0,0.0,0.0,0.0,0.0,0.0,0.0,1344.0,0.0,0.0,85.0,12969.0,9768.0,22737.0,150.0,1496.0,1.8,11.5,23.8,0,22887.0,274644.0,84.4,19306.0,3581.0,4848.0,1550.0,4,2500,0.0,2500.0,15006.0,optimal,11065.0,8242.0,137851.0,10.7,2938689.0,En cours,,
Leader Multisport (cyclisme + tri + run),22,sept. 2029,Y2,165.9,1301.0,0.0,0.0,0.0,0.0,0.0,0.0,0.0,0.0,0.0,1467.0,0.0,0.0,86.0,14212.0,10670.0,24882.0,222.0,2209.0,2.7,11.5,25.8,0,25103.0,301242.0,84.4,21188.0,3916.0,4864.0,1550.0,4,2500,0.0,2500.0,15688.0,optimal,11081.0,10107.0,147959.0,10.7,3223287.0,En cours,,
Leader Multisport (cyclisme + tri + run),23,oct. 2029,Y2,178.8,1413.0,0.0,0.0,0.0,0.0,0.0,0.0,0.0,0.0,0.0,1592.0,0.0,0.0,87.0,15500.0,11587.0,27087.0,306.0,3043.0,3.7,11.5,27.9,0,27393.0,328715.0,84.4,23133.0,4260.0,4880.0,1550.0,4,2500,0.0,2500.0,16310.0,optimal,11097.0,12037.0,159995.0,10.7,3517247.0,En cours,,
Leader Multisport (cyclisme + tri + run),24,nov. 2029,Y2,191.9,1527.0,4.0,4.0,0.0,0.0,0.0,0.0,0.0,0.0,4.0,1723.0,163.0,0.5,88.0,16834.0,12520.0,29354.0,402.0,4007.0,4.9,11.5,30.0,0,29920.0,359037.0,84.5,25283.0,4637.0,4896.0,6050.0,5,2500,5653.0,8153.0,19707.0,optimal,15763.0,9520.0,905272.0,12.4,4434104.0,En cours,,
Leader Multisport (cyclisme + tri + run),25,déc. 2029,Y3,205.2,1642.0,8.0,8.0,0.0,0.0,0.0,0.0,0.0,0.0,8.0,1856.0,324.0,1.0,89.0,18290.0,13468.0,31758.0,519.0,5169.0,6.3,11.5,32.1,0,32601.0,391207.0,84.6,27567.0,5034.0,9225.0,6050.0,5,5000,0.0,5000.0,21318.0,optimal,24759.0,2808.0,908080.0,10.8,4244599.0,En cours,,
Leader Multisport (cyclisme + tri + run),26,jan. 2030,Y3,218.7,1760.0,12.0,12.0,0.0,0.0,0.0,0.0,0.0,0.0,12.0,1990.0,483.0,1.4,91.0,19802.0,14431.0,34233.0,653.0,6503.0,7.9,11.5,34.2,0,35369.0,424428.0,84.6,29927.0,5442.0,9271.0,6050.0,5,5000,0.0,5000.0,22806.0,optimal,24804.0,5123.0,913203.0,10.8,4605041.0,En cours,,
Leader Multisport (cyclisme + tri + run),27,fév. 2030,Y3,232.5,1879.0,16.0,16.0,0.0,0.0,0.0,0.0,0.0,0.0,16.0,2127.0,639.0,1.7,92.0,21374.0,15409.0,36783.0,805.0,8023.0,9.7,11.5,36.3,0,38227.0,458723.0,84.7,32367.0,5860.0,9316.0,6050.0,5,5000,1932.0,6932.0,25042.0,optimal,24850.0,7517.0,918074.0,10.8,4977145.0,En cours,,
Leader Multisport (cyclisme + tri + run),28,mars 2030,Y3,246.2,1998.0,19.0,19.0,0.0,0.0,0.0,0.0,0.0,0.0,19.0,2264.0,793.0,1.9,93.0,22942.0,16386.0,39328.0,977.0,9734.0,11.8,11.5,37.2,0,41098.0,493171.0,84.7,34813.0,6284.0,9362.0,6050.0,5,5000,0.0,5000.0,26291.0,optimal,24895.0,9918.0,927992.0,10.8,5350911.0,En cours,,
Leader Multisport (cyclisme + tri + run),29,avr. 2030,Y3,260.1,2117.0,23.0,23.0,0.0,0.0,0.0,0.0,0.0,0.0,23.0,2400.0,945.0,2.1,94.0,24549.0,17360.0,41910.0,1169.0,11648.0,14.1,11.5,38.1,0,44023.0,528279.0,84.7,37308.0,6715.0,9408.0,6050.0,5,5000,0.0,5000.0,27453.0,optimal,24941.0,12367.0,940359.0,13.4,7052522.0,En cours,,
Leader Multisport (cyclisme + tri + run),30,mai 2030,Y3,274.0,2236.0,29.0,27.0,2.0,0.0,0.0,0.0,0.0,0.0,29.0,2539.0,1343.0,2.8,96.0,26195.0,18334.0,44528.0,1382.0,13774.0,16.7,11.5,39.0,0,47253.0,567041.0,84.8,40066.0,7188.0,9454.0,10850.0,6,5000,2301.0,7301.0,29458.0,optimal,29787.0,10279.0,945431.0,13.4,7569998.0,En cours,,
Leader Multisport (cyclisme + tri + run),31,juin 2030,Y3,287.9,2354.0,34.0,30.0,4.0,0.0,0.0,0.0,0.0,0.0,34.0,2677.0,1736.0,3.4,97.0,27879.0,19306.0,47184.0,1618.0,16124.0,19.5,11.5,39.9,0,50538.0,606461.0,84.8,42872.0,7667.0,9500.0,10850.0,6,5000,0.0,5000.0,30444.0,optimal,29833.0,13039.0,958470.0,13.4,8096255.0,En cours,,
Leader Multisport (cyclisme + tri + run),32,juil. 2030,Y3,301.9,2473.0,40.0,34.0,6.0,0.0,0.0,0.0,0.0,0.0,40.0,2815.0,2124.0,3.9,98.0,29602.0,20276.0,49878.0,1877.0,18707.0,22.7,11.5,40.8,0,53880.0,646555.0,84.9,45728.0,8151.0,9546.0,10850.0,6,5000,0.0,5000.0,31367.0,optimal,29879.0,15849.0,974319.0,13.4,8631503.0,En cours,,
Leader Multisport (cyclisme + tri + run),33,août 2030,Y3,316.0,2591.0,45.0,38.0,8.0,0.0,0.0,0.0,0.0,0.0,45.0,2952.0,2508.0,4.4,99.0,31364.0,21245.0,52609.0,2161.0,21536.0,26.1,11.5,41.8,0,57278.0,687337.0,84.9,48636.0,8642.0,9592.0,10850.0,6,5000,3943.0,8943.0,33669.0,optimal,29925.0,18711.0,985573.0,13.4,9175953.0,En cours,,
Leader Multisport (cyclisme + tri + run),34,sept. 2030,Y3,330.1,2709.0,51.0,41.0,10.0,0.0,0.0,0.0,0.0,0.0,51.0,3090.0,2887.0,4.8,100.0,33166.0,22212.0,55378.0,2471.0,24620.0,29.8,11.5,42.7,0,60735.0,728825.0,85.0,51596.0,9139.0,9638.0,10850.0,6,5000,0.0,5000.0,34443.0,optimal,29971.0,21625.0,1007198.0,13.4,9729815.0,En cours,,
Leader Multisport (cyclisme + tri + run),35,oct. 2030,Y3,344.2,2827.0,56.0,44.0,12.0,0.0,0.0,0.0,0.0,0.0,56.0,3227.0,3262.0,5.1,102.0,35006.0,23178.0,58184.0,2807.0,27971.0,33.9,11.5,43.6,0,64253.0,771034.0,85.0,54610.0,9643.0,9684.0,10850.0,6,5000,0.0,5000.0,35174.0,optimal,30018.0,24592.0,1031790.0,13.4,10293302.0,En cours,,
Leader Multisport (cyclisme + tri + run),36,nov. 2030,Y3,358.4,2944.0,61.0,48.0,14.0,2.0,12.0,0.0,0.0,0.0,75.0,3378.0,4071.0,6.0,103.0,36887.0,24143.0,61029.0,3171.0,31599.0,38.3,11.5,44.5,0.0,68270.0,819245.0,85.1,58068.0,10203.0,9731.0,14350.0,7,5000,6469.0,11469.0,38019.0,optimal,33564.0,24503.0,1045377.0,15.1,12370599.0,En cours,,
Leader Multisport (cyclisme + tri + run),37,déc. 2030,Y4,379.1,3114.0,68.0,53.0,15.0,4.0,24.0,0.0,0.0,0.0,96.0,3590.0,4951.0,6.6,104.0,39292.0,25538.0,64830.0,3576.0,35669.0,43.2,11.5,45.4,1333.0,74690.0,896277.0,85.3,63697.0,10992.0,16296.0,14350.0,7,5000,0.0,5000.0,38614.0,optimal,40129.0,23569.0,1068946.0,13.6,12189367.0,En cours,,
Leader Multisport (cyclisme + tri + run),38,jan. 2031,Y4,399.9,3284.0,76.0,58.0,17.0,6.0,35.0,0.0,0.0,0.0,117.0,3801.0,5819.0,7.2,104.0,41734.0,26929.0,68663.0,4011.0,40033.0,48.5,11.5,46.3,2667.0,81160.0,973917.0,85.5,69373.0,11787.0,16373.0,14350.0,7,5000,0.0,5000.0,39176.0,optimal,40207.0,29166.0,1098112.0,13.6,13245273.0,En cours,,
Leader Multisport (cyclisme + tri + run),39,fév. 2031,Y4,420.7,3453.0,83.0,63.0,19.0,8.0,47.0,18.0,0.0,0.0,155.0,4029.0,6976.0,7.9,105.0,44213.0,28318.0,72531.0,4475.0,44699.0,54.2,11.5,47.2,4000.0,87982.0,1055785.0,85.6,75356.0,12626.0,16451.0,14350.0,7,5000,5351.0,10351.0,41357.0,optimal,40285.0,35071.0,1123799.0,13.6,14358676.0,DÉPASSÉ,,
Leader Multisport (cyclisme + tri + run),40,mars 2031,Y4,441.6,3622.0,89.0,69.0,21.0,10.0,58.0,36.0,0.0,0.0,193.0,4257.0,8116.0,8.6,106.0,46728.0,29704.0,76432.0,4970.0,49675.0,60.2,11.4,48.2,5333.0,94851.0,1138212.0,85.8,81381.0,13470.0,16529.0,14350.0,7,5000,0.0,5000.0,41823.0,optimal,40363.0,41019.0,1164818.0,13.6,15479684.0,DÉPASSÉ,,
Leader Multisport (cyclisme + tri + run),41,avr. 2031,Y4,462.5,3791.0,96.0,74.0,23.0,12.0,69.0,53.0,0.0,0.0,230.0,4483.0,9238.0,9.1,107.0,49280.0,31086.0,80367.0,5496.0,54969.0,66.6,11.4,49.1,6667.0,101768.0,1221212.0,85.9,87450.0,14318.0,16608.0,14350.0,7,5000,0.0,5000.0,42266.0,optimal,40441.0,47009.0,1211827.0,13.6,16608484.0,DÉPASSÉ,,
Leader Multisport (cyclisme + tri + run),42,mai 2031,Y4,483.6,3959.0,103.0,78.0,24.0,14.0,80.0,70.0,0.0,0.0,266.0,4709.0,10344.0,9.5,107.0,51869.0,32466.0,84335.0,6054.0,60589.0,73.4,11.4,50.0,8000.0,108733.0,1304799.0,86.0,93563.0,15171.0,16686.0,19850.0,8,5000,9077.0,14077.0,45282.0,optimal,46019.0,47543.0,1244881.0,13.6,17745267.0,DÉPASSÉ,,
Leader Multisport (cyclisme + tri + run),43,juin 2031,Y4,504.5,4125.0,109.0,83.0,26.0,15.0,91.0,86.0,0.0,0.0,302.0,4932.0,11433.0,9.9,108.0,54476.0,33828.0,88305.0,6377.0,63858.0,77.4,11.4,50.0,9333.0,115448.0,1385373.0,86.1,99441.0,16007.0,16713.0,19850.0,8,5000,0.0,5000.0,45624.0,optimal,46046.0,53394.0,1298275.0,13.6,18841069.0,DÉPASSÉ,,
Leader Multisport (cyclisme + tri + run),44,juil. 2031,Y4,525.3,4289.0,116.0,88.0,28.0,17.0,101.0,103.0,0.0,0.0,337.0,5152.0,12505.0,10.2,109.0,57102.0,35174.0,92276.0,6703.0,67167.0,81.4,11.4,50.0,10667.0,122150.0,1465804.0,86.2,105309.0,16841.0,16740.0,19850.0,8,5000,0.0,5000.0,45951.0,optimal,46073.0,59236.0,1357511.0,13.6,19934933.0,DÉPASSÉ,,
Leader Multisport (cyclisme + tri + run),45,août 2031,Y4,545.9,4452.0,122.0,93.0,30.0,19.0,112.0,119.0,0.0,0.0,372.0,5369.0,13562.0,10.5,109.0,59745.0,36502.0,96247.0,7033.0,70516.0,85.5,11.4,50.0,12000.0,128841.0,1546096.0,86.3,111168.0,17673.0,16767.0,19850.0,8,5000,12364.0,17364.0,49560.0,optimal,46100.0,65068.0,1403588.0,15.6,24119094.0,DÉPASSÉ,,
Leader Multisport (cyclisme + tri + run),46,sept. 2031,Y4,566.5,4612.0,129.0,98.0,31.0,21.0,122.0,134.0,0.0,0.0,406.0,5584.0,14602.0,10.8,110.0,62405.0,37814.0,100220.0,7366.0,73902.0,89.6,11.4,50.0,13333.0,135521.0,1626251.0,86.3,117018.0,18503.0,16794.0,19850.0,8,5000,0.0,5000.0,49787.0,optimal,46127.0,70890.0,1474478.0,15.6,25369522.0,DÉPASSÉ,,
Leader Multisport (cyclisme + tri + run),47,oct. 2031,Y4,587.0,4770.0,135.0,102.0,33.0,23.0,132.0,149.0,0.0,0.0,439.0,5795.0,15627.0,11.0,111.0,65083.0,39110.0,104193.0,7703.0,77328.0,93.7,11.4,50.0,14667.0,142189.0,1706274.0,86.4,122858.0,19331.0,16821.0,19850.0,8,5000,0.0,5000.0,50004.0,optimal,46154.0,76704.0,1551182.0,15.6,26617873.0,DÉPASSÉ,,
Leader Multisport (cyclisme + tri + run),48,nov. 2031,Y4,607.3,4926.0,141.0,107.0,35.0,25.0,142.0,164.0,0.0,0.0,472.0,6004.0,16636.0,11.2,112.0,67778.0,40390.0,108168.0,8043.0,80791.0,97.9,11.4,50.0,16000.0,148847.0,1786166.0,86.5,128690.0,20157.0,16848.0,26850.0,9,5000,16395.0,21395.0,54311.0,optimal,53181.0,75509.0,3603145.0,17.6,31436527.0,DÉPASSÉ,,
Leader Multisport (cyclisme + tri + run),49,déc. 2031,Y5,627.7,5081.0,149.0,111.0,38.0,28.0,174.0,216.0,0.0,0.0,567.0,6276.0,19103.0,12.2,112.0,70465.0,41666.0,112131.0,8389.0,84314.0,102.2,11.4,50.9,17333.0,156956.0,1883471.0,86.5,135796.0,21160.0,16918.0,26850.0,9,5000,0.0,5000.0,54427.0,optimal,53252.0,82544.0,3685689.0,16.1,30323875.0,DÉPASSÉ,,
Leader Multisport (cyclisme + tri + run),50,jan. 2032,Y5,648.2,5237.0,156.0,116.0,41.0,31.0,206.0,266.0,0.0,0.0,660.0,6545.0,21529.0,13.0,113.0,73183.0,42940.0,116123.0,8740.0,87896.0,106.5,11.4,51.8,18667.0,165060.0,1980715.0,86.6,142896.0,22163.0,16989.0,26850.0,9,5000,0.0,5000.0,54539.0,optimal,53322.0,89574.0,3775263.0,16.1,31889514.0,DÉPASSÉ,,
Leader Multisport (cyclisme + tri + run),51,fév. 2032,Y5,668.7,5391.0,164.0,120.0,44.0,34.0,238.0,316.0,0.0,0.0,752.0,6812.0,23917.0,13.8,114.0,75934.0,44210.0,120144.0,9098.0,91539.0,111.0,11.4,52.7,20000.0,173159.0,2077909.0,86.6,149992.0,23167.0,17060.0,26850.0,9,5000,28675.0,33675.0,61393.0,optimal,53393.0,96599.0,3832158.0,16.1,33454338.0,DÉPASSÉ,,
Leader Multisport (cyclisme + tri + run),52,mars 2032,Y5,689.2,5546.0,171.0,124.0,47.0,37.0,269.0,365.0,0.0,0.0,842.0,7077.0,26266.0,14.5,114.0,78717.0,45478.0,124195.0,9460.0,95242.0,115.4,11.4,53.6,21333.0,181255.0,2175061.0,86.7,157085.0,24171.0,17130.0,26850.0,9,5000,0.0,5000.0,61366.0,optimal,53464.0,103621.0,3935779.0,16.1,35018489.0,DÉPASSÉ,,
Leader Multisport (cyclisme + tri + run),53,avr. 2032,Y5,709.8,5700.0,178.0,128.0,50.0,41.0,300.0,412.0,0.0,0.0,931.0,7341.0,28578.0,15.1,115.0,81532.0,46743.0,128275.0,9829.0,99005.0,120.0,11.4,54.4,22667.0,189348.0,2272180.0,86.7,164174.0,25175.0,17201.0,26850.0,9,5000,0.0,5000.0,61340.0,optimal,53535.0,110639.0,4046418.0,16.1,36582106.0,DÉPASSÉ,,
Leader Multisport (cyclisme + tri + run),54,mai 2032,Y5,730.5,5854.0,185.0,132.0,53.0,44.0,330.0,459.0,0.0,0.0,1017.0,7602.0,30852.0,15.6,116.0,84378.0,48005.0,132384.0,10203.0,102828.0,124.6,11.4,55.3,24000.0,197440.0,2369275.0,86.7,171260.0,26180.0,17272.0,26850.0,9,5000,35772.0,40772.0,69265.0,optimal,53606.0,117654.0,4115030.0,16.1,38145324.0,DÉPASSÉ,,
Leader Multisport (cyclisme + tri + run),55,juin 2032,Y5,751.2,6008.0,192.0,137.0,56.0,47.0,359.0,504.0,0.0,0.0,1103.0,7862.0,33090.0,16.1,116.0,87258.0,49265.0,136523.0,10583.0,106712.0,129.3,11.4,56.2,25333.0,205529.0,2466353.0,86.8,178344.0,27185.0,17344.0,26850.0,9,5000,0.0,5000.0,69096.0,optimal,53677.0,124667.0,4239697.0,16.1,39708279.0,DÉPASSÉ,,
Leader Multisport (cyclisme + tri + run),56,juil. 2032,Y5,772.0,6161.0,199.0,141.0,59.0,50.0,388.0,549.0,0.0,0.0,1186.0,8120.0,35293.0,16.5,117.0,90169.0,50522.0,140690.0,10969.0,110657.0,134.1,11.4,57.1,26667.0,213619.0,2563423.0,86.8,185427.0,28191.0,17415.0,26850.0,9,5000,0.0,5000.0,68934.0,optimal,53748.0,131679.0,4371376.0,16.1,41271102.0,DÉPASSÉ,,
Leader Multisport (cyclisme + tri + run),57,août 2032,Y5,792.8,6314.0,206.0,145.0,62.0,53.0,417.0,593.0,0.0,0.0,1269.0,8376.0,37459.0,16.9,117.0,93112.0,51776.0,144888.0,11360.0,114662.0,139.0,11.3,58.0,28000.0,221708.0,2660492.0,86.8,192509.0,29199.0,17487.0,26850.0,9,5000,42860.0,47860.0,77800.0,optimal,53820.0,138689.0,4451697.0,16.1,42833922.0,DÉPASSÉ,,
Leader Multisport (cyclisme + tri + run),58,sept. 2032,Y5,813.6,6467.0,213.0,148.0,64.0,56.0,445.0,636.0,0.0,0.0,1349.0,8630.0,39592.0,17.2,118.0,96087.0,53028.0,149115.0,11757.0,118729.0,143.9,11.3,58.0,29333.0,229797.0,2757569.0,86.9,199591.0,30207.0,17558.0,26850.0,9,5000,0.0,5000.0,77493.0,optimal,53892.0,145699.0,4597396.0,16.1,44396866.0,DÉPASSÉ,,
Leader Multisport (cyclisme + tri + run),59,oct. 2032,Y5,834.6,6619.0,220.0,152.0,67.0,59.0,473.0,677.0,0.0,0.0,1429.0,8882.0,41690.0,17.5,119.0,99095.0,54276.0,153371.0,12160.0,122857.0,148.9,11.3,58.0,30667.0,237888.0,2854662.0,86.9,206673.0,31216.0,17630.0,26850.0,9,5000,0.0,5000.0,77197.0,optimal,53963.0,152709.0,4750105.0,16.1,45960057.0,DÉPASSÉ,,
Leader Multisport (cyclisme + tri + run),60,nov. 2032,Y5,855.5,6771.0,226.0,156.0,70.0,62.0,500.0,719.0,25.0,0.0,1532.0,9158.0,44360.0,18.0,119.0,102135.0,55523.0,157658.0,12569.0,127047.0,154.0,11.3,58.0,32000.0,246586.0,2959038.0,86.9,214311.0,32276.0,17702.0,26850.0,9,5000,50007.0,55007.0,86912.0,optimal,54035.0,160275.0,4842608.0,17.0,50451591.0,DÉPASSÉ,,
Leader Multisport (cyclisme + tri + run),61,déc. 2032,Y6,869.2,6833.0,230.0,157.0,73.0,65.0,527.0,759.0,50.0,0.0,1630.0,9331.0,46863.0,18.5,120.0,104082.0,56027.0,160109.0,12832.0,129752.0,157.3,11.3,58.0,33333.0,253137.0,3037648.0,87.0,220114.0,33024.0,41408.0,26850.0,9,5000,0.0,5000.0,86471.0,optimal,77741.0,142373.0,4984981.0,16.2,49361783.0,DÉPASSÉ,,
Leader Multisport (cyclisme + tri + run),62,jan. 2033,Y6,883.0,6894.0,233.0,158.0,76.0,67.0,553.0,798.0,74.0,0.0,1726.0,9503.0,49325.0,19.0,120.0,106043.0,56533.0,162576.0,13098.0,132485.0,160.6,11.3,58.0,34667.0,259666.0,3115986.0,87.0,225896.0,33770.0,41511.0,26850.0,9,5000,0.0,5000.0,86044.0,optimal,77844.0,148052.0,5133032.0,16.2,50634781.0,DÉPASSÉ,,
Leader Multisport (cyclisme + tri + run),63,fév. 2033,Y6,896.7,6956.0,237.0,158.0,78.0,70.0,579.0,837.0,97.0,0.0,1820.0,9673.0,51746.0,19.4,120.0,108019.0,57040.0,165059.0,13366.0,135245.0,163.9,11.3,58.0,36000.0,266172.0,3194061.0,87.0,231658.0,34514.0,41614.0,26850.0,9,5000,48374.0,53374.0,94844.0,optimal,77947.0,153711.0,5221120.0,16.2,51903492.0,DÉPASSÉ,,
Leader Multisport (cyclisme + tri + run),64,mars 2033,Y6,910.5,7018.0,240.0,159.0,81.0,73.0,605.0,875.0,120.0,0.0,1913.0,9842.0,54127.0,19.9,121.0,110009.0,57550.0,167559.0,13637.0,138033.0,167.3,11.3,58.0,37333.0,272657.0,3271880.0,87.1,237400.0,35257.0,41717.0,26850.0,9,5000,0.0,5000.0,94300.0,optimal,78050.0,159349.0,5380469.0,16.2,53168051.0,DÉPASSÉ,,
Leader Multisport (cyclisme + tri + run),65,avr. 2033,Y6,924.4,7081.0,243.0,160.0,84.0,76.0,630.0,912.0,143.0,0.0,2004.0,10009.0,56469.0,20.2,121.0,112014.0,58061.0,170075.0,13911.0,140849.0,170.7,11.3,58.0,38667.0,279121.0,3349452.0,87.1,243122.0,35999.0,41820.0,26850.0,9,5000,0.0,5000.0,93772.0,optimal,78153.0,164969.0,5545438.0,16.2,54428591.0,DÉPASSÉ,,
Leader Multisport (cyclisme + tri + run),66,mai 2033,Y6,938.3,7143.0,247.0,160.0,86.0,79.0,654.0,948.0,166.0,0.0,2094.0,10175.0,58772.0,20.6,122.0,114033.0,58573.0,172607.0,14187.0,143693.0,174.2,11.3,58.0,40000.0,285565.0,3426784.0,87.1,248826.0,36739.0,41923.0,26850.0,9,5000,54073.0,59073.0,103092.0,optimal,78256.0,170570.0,5642886.0,16.2,55685239.0,DÉPASSÉ,,
Leader Multisport (cyclisme + tri + run),67,juin 2033,Y6,952.2,7206.0,250.0,161.0,89.0,81.0,679.0,984.0,188.0,0.0,2181.0,10340.0,61037.0,20.9,122.0,116067.0,59088.0,175155.0,14466.0,146565.0,177.7,11.3,58.0,41333.0,291990.0,3503885.0,87.2,254513.0,37478.0,42026.0,26850.0,9,5000,0.0,5000.0,102449.0,optimal,78359.0,176153.0,5819040.0,16.2,56938124.0,DÉPASSÉ,,
Leader Multisport (cyclisme + tri + run),68,juil. 2033,Y6,966.2,7269.0,253.0,162.0,91.0,84.0,703.0,1019.0,209.0,0.0,2268.0,10503.0,63264.0,21.2,122.0,118115.0,59604.0,177719.0,14747.0,149464.0,181.2,11.3,58.0,42667.0,298397.0,3580761.0,87.2,260181.0,38216.0,42129.0,26850.0,9,5000,0.0,5000.0,101824.0,optimal,78462.0,181719.0,6000758.0,16.2,58187370.0,DÉPASSÉ,,
Leader Multisport (cyclisme + tri + run),69,août 2033,Y6,980.3,7332.0,256.0,162.0,94.0,87.0,726.0,1053.0,230.0,0.0,2352.0,10664.0,65455.0,21.5,123.0,120178.0,60121.0,180299.0,15031.0,152392.0,184.7,11.3,58.0,44000.0,304785.0,3657422.0,87.2,265833.0,38952.0,42232.0,26850.0,9,5000,59716.0,64716.0,111604.0,optimal,78566.0,187267.0,6107479.0,16.2,59433100.0,DÉPASSÉ,,
Leader Multisport (cyclisme + tri + run),70,sept. 2033,Y6,994.3,7395.0,260.0,163.0,96.0,89.0,749.0,1086.0,251.0,0.0,2435.0,10825.0,67610.0,21.7,123.0,122255.0,60641.0,182895.0,15318.0,155347.0,188.3,11.3,58.0,45333.0,311156.0,3733873.0,87.2,271468.0,39688.0,42335.0,26850.0,9,5000,0.0,5000.0,110866.0,optimal,78669.0,192800.0,6300279.0,16.2,60675433.0,DÉPASSÉ,,
Leader Multisport (cyclisme + tri + run),71,oct. 2033,Y6,1008.4,7459.0,263.0,164.0,99.0,92.0,772.0,1119.0,271.0,0.0,2517.0,10984.0,69729.0,22.0,123.0,124346.0,61161.0,185508.0,15607.0,158331.0,191.9,11.3,58.0,46667.0,317510.0,3810122.0,87.3,277088.0,40422.0,42438.0,26850.0,9,5000,0.0,5000.0,110150.0,optimal,78772.0,198316.0,6498595.0,16.2,61914487.0,DÉPASSÉ,,
Leader Multisport (cyclisme + tri + run),72,nov. 2033,Y6,1022.6,7522.0,266.0,164.0,101.0,95.0,794.0,1151.0,291.0,2.0,2599.0,11144.0,71862.0,22.2,124.0,126452.0,61684.0,188136.0,15899.0,161343.0,195.6,11.3,58.0,48000.0,323897.0,3886762.0,87.3,282733.0,41164.0,42541.0,35850.0,10,5000,64301.0,69301.0,120170.0,optimal,87875.0,194858.0,6606873.0,16.5,64325912.0,DÉPASSÉ,,
Leader Multisport (cyclisme + tri + run),73,déc. 2033,Y7,1036.8,7586.0,267.0,165.0,102.0,95.0,803.0,1162.0,311.0,3.0,2642.0,11265.0,72977.0,22.3,124.0,128572.0,62207.0,190780.0,16194.0,164383.0,199.3,11.3,58.0,48000.0,327951.0,3935407.0,87.3,286235.0,41715.0,42644.0,35850.0,10,5000,0.0,5000.0,119346.0,optimal,87978.0,198257.0,6805130.0,16.2,63950369.0,DÉPASSÉ,,
Leader Multisport (cyclisme + tri + run),74,jan. 2034,Y7,1051.0,7650.0,269.0,166.0,103.0,96.0,812.0,1174.0,330.0,4.0,2685.0,11386.0,74073.0,22.3,124.0,130707.0,62733.0,193440.0,16491.0,167452.0,203.0,11.3,58.0,48000.0,332004.0,3984049.0,87.3,289736.0,42268.0,42747.0,35850.0,10,5000,0.0,5000.0,118544.0,optimal,88081.0,201656.0,7006786.0,16.2,64740803.0,DÉPASSÉ,,
Leader Multisport (cyclisme + tri + run),75,fév. 2034,Y7,1065.3,7715.0,270.0,166.0,104.0,96.0,821.0,1185.0,349.0,6.0,2727.0,11507.0,75151.0,22.4,125.0,132856.0,63260.0,196116.0,16791.0,170549.0,206.7,11.3,58.0,48000.0,336058.0,4032692.0,87.3,293237.0,42821.0,42851.0,35850.0,10,5000,66434.0,71434.0,128393.0,optimal,88184.0,205053.0,7122452.0,16.2,65531247.0,DÉPASSÉ,,
Leader Multisport (cyclisme + tri + run),76,mars 2034,Y7,1079.6,7779.0,272.0,167.0,105.0,97.0,829.0,1195.0,368.0,7.0,2768.0,11627.0,76211.0,22.4,125.0,135020.0,63788.0,198808.0,17093.0,173674.0,210.5,11.3,58.0,48000.0,340112.0,4081339.0,87.2,296736.0,43375.0,42954.0,35850.0,10,5000,0.0,5000.0,127493.0,optimal,88287.0,208450.0,7330902.0,16.2,66321760.0,DÉPASSÉ,,
Leader Multisport (cyclisme + tri + run),77,avr. 2034,Y7,1093.9,7844.0,273.0,167.0,106.0,98.0,838.0,1206.0,386.0,9.0,2809.0,11747.0,77252.0,22.4,125.0,137198.0,64318.0,201515.0,17398.0,176828.0,214.3,11.3,58.0,48000.0,344166.0,4129994.0,87.2,300236.0,43931.0,43057.0,35850.0,10,5000,0.0,5000.0,126616.0,optimal,88390.0,211846.0,7542747.0,16.2,67112399.0,DÉPASSÉ,,
Leader Multisport (cyclisme + tri + run),78,mai 2034,Y7,1108.3,7908.0,275.0,168.0,107.0,98.0,846.0,1216.0,404.0,10.0,2849.0,11866.0,78277.0,22.5,126.0,139390.0,64849.0,204239.0,17706.0,180011.0,218.2,11.3,58.0,48000.0,348222.0,4178660.0,87.2,303735.0,44487.0,43160.0,35850.0,10,5000,69867.0,74867.0,136511.0,optimal,88493.0,215242.0,7664086.0,16.2,67903220.0,DÉPASSÉ,,
Leader Multisport (cyclisme + tri + run),79,juin 2034,Y7,1122.7,7973.0,276.0,169.0,108.0,99.0,854.0,1226.0,421.0,11.0,2888.0,11984.0,79284.0,22.5,126.0,141597.0,65382.0,206978.0,18017.0,183221.0,222.1,11.3,58.0,48000.0,352278.0,4227340.0,87.2,307234.0,45045.0,43263.0,35850.0,10,5000,0.0,5000.0,135543.0,optimal,88596.0,218638.0,7882723.0,16.2,68694280.0,DÉPASSÉ,,
Leader Multisport (cyclisme + tri + run),80,juil. 2034,Y7,1137.2,8038.0,278.0,169.0,108.0,99.0,862.0,1236.0,439.0,13.0,2926.0,12102.0,80273.0,22.5,126.0,143818.0,65916.0,209733.0,18330.0,186461.0,226.0,11.3,58.0,48000.0,356337.0,4276039.0,87.2,310733.0,45603.0,43366.0,35850.0,10,5000,0.0,5000.0,134598.0,optimal,88699.0,222034.0,8104757.0,16.2,69485632.0,DÉPASSÉ,,
Leader Multisport (cyclisme + tri + run),81,août 2034,Y7,1151.7,8104.0,279.0,170.0,109.0,100.0,870.0,1246.0,456.0,14.0,2964.0,12220.0,81247.0,22.5,127.0,146053.0,66451.0,212504.0,18646.0,189729.0,230.0,11.3,58.0,48000.0,360397.0,4324759.0,87.2,314233.0,46163.0,43469.0,35850.0,10,5000,73299.0,78299.0,144537.0,optimal,88802.0,225431.0,8231769.0,16.2,70277330.0,DÉPASSÉ,,
Leader Multisport (cyclisme + tri + run),82,sept. 2034,Y7,1166.2,8169.0,280.0,170.0,110.0,100.0,878.0,1255.0,472.0,16.0,3001.0,12337.0,82204.0,22.6,127.0,148303.0,66988.0,215290.0,18964.0,193027.0,234.0,11.3,58.0,48000.0,364459.0,4373503.0,87.2,317734.0,46724.0,43572.0,35850.0,10,5000,0.0,5000.0,143506.0,optimal,88905.0,228829.0,8460598.0,16.2,71069426.0,DÉPASSÉ,,
Leader Multisport (cyclisme + tri + run),83,oct. 2034,Y7,1180.8,8235.0,282.0,171.0,111.0,101.0,885.0,1264.0,489.0,17.0,3038.0,12453.0,83145.0,22.6,128.0,150567.0,67526.0,218092.0,19286.0,196352.0,238.0,11.3,58.0,48000.0,368523.0,4422275.0,87.2,321236.0,47287.0,43675.0,35850.0,10,5000,0.0,5000.0,142500.0,optimal,89008.0,232228.0,8692826.0,16.2,71861971.0,DÉPASSÉ,,
Leader Multisport (cyclisme + tri + run),84,nov. 2034,Y7,1195.4,8301.0,283.0,171.0,112.0,101.0,893.0,1274.0,505.0,18.0,3073.0,12569.0,84070.0,22.6,128.0,152845.0,68065.0,220910.0,19610.0,199707.0,242.1,11.3,58.0,48000.0,372590.0,4471078.0,87.2,324739.0,47851.0,43778.0,35850.0,10,5000,76733.0,81733.0,152479.0,optimal,89111.0,235628.0,8825515.0,16.2,72655015.0,DÉPASSÉ,,
Leader Multisport (cyclisme + tri + run),85,déc. 2034,Y8,1209.9,8366.0,285.0,172.0,113.0,102.0,900.0,1282.0,540.0,19.0,3129.0,12704.0,85463.0,22.6,128.0,155441.0,68598.0,224039.0,19959.0,203383.0,246.5,11.3,58.0,48000.0,377461.0,4529537.0,87.2,328977.0,48484.0,43778.0,35850.0,10,5000,0.0,5000.0,151391.0,optimal,89111.0,239866.0,9065381.0,16.2,73604969.0,DÉPASSÉ,,
Leader Multisport (cyclisme + tri + run),86,jan. 2035,Y8,1224.4,8430.0,286.0,172.0,113.0,102.0,907.0,1291.0,575.0,21.0,3183.0,12837.0,86833.0,22.7,129.0,158044.0,69124.0,227168.0,20310.0,207076.0,251.0,11.2,58.0,48000.0,382311.0,4587733.0,87.2,333196.0,49115.0,43778.0,35850.0,10,5000,0.0,5000.0,150329.0,optimal,89111.0,244085.0,9309466.0,16.2,74550655.0,DÉPASSÉ,,
Leader Multisport (cyclisme + tri + run),87,fév. 2035,Y8,1238.8,8493.0,287.0,173.0,114.0,103.0,914.0,1300.0,610.0,22.0,3236.0,12968.0,88179.0,22.8,130.0,160655.0,69644.0,230299.0,20662.0,210785.0,255.5,11.2,58.0,48000.0,387139.0,4645671.0,87.2,337395.0,49744.0,43778.0,35850.0,10,5000,80725.0,85725.0,160425.0,optimal,89111.0,248284.0,9449559.0,16.2,75492154.0,DÉPASSÉ,,
Leader Multisport (cyclisme + tri + run),88,mars 2035,Y8,1253.1,8556.0,288.0,173.0,115.0,103.0,921.0,1308.0,643.0,23.0,3288.0,13097.0,89501.0,22.8,130.0,163273.0,70157.0,233430.0,21016.0,214511.0,260.0,11.2,58.0,48000.0,391946.0,4703357.0,87.1,341576.0,50370.0,43778.0,35850.0,10,5000,0.0,5000.0,159284.0,optimal,89111.0,252465.0,9702024.0,16.2,76429544.0,DÉPASSÉ,,
Leader Multisport (cyclisme + tri + run),89,avr. 2035,Y8,1267.3,8617.0,290.0,174.0,116.0,104.0,928.0,1316.0,677.0,24.0,3339.0,13224.0,90801.0,22.9,131.0,165899.0,70663.0,236562.0,21370.0,218253.0,264.5,11.2,58.0,48000.0,396733.0,4760794.0,87.1,345738.0,50995.0,43778.0,35850.0,10,5000,0.0,5000.0,158168.0,optimal,89111.0,256627.0,9958650.0,16.2,77362902.0,DÉPASSÉ,,
Leader Multisport (cyclisme + tri + run),90,mai 2035,Y8,1281.4,8678.0,291.0,174.0,117.0,104.0,935.0,1324.0,709.0,26.0,3389.0,13349.0,92078.0,22.9,132.0,168532.0,71163.0,239695.0,21726.0,222010.0,269.1,11.2,58.0,48000.0,401499.0,4817988.0,87.1,349882.0,51617.0,43778.0,35850.0,10,5000,84951.0,89951.0,168404.0,optimal,89111.0,260771.0,10105670.0,16.2,78292303.0,DÉPASSÉ,,
Leader Multisport (cyclisme + tri + run),91,juin 2035,Y8,1295.5,8739.0,292.0,175.0,117.0,105.0,942.0,1332.0,741.0,27.0,3439.0,13473.0,93332.0,23.0,132.0,171172.0,71657.0,242829.0,22084.0,225784.0,273.7,11.2,58.0,48000.0,406245.0,4874943.0,87.1,354008.0,52237.0,43778.0,35850.0,10,5000,0.0,5000.0,167213.0,optimal,89111.0,264897.0,10370567.0,16.2,79217821.0,DÉPASSÉ,,
Leader Multisport (cyclisme + tri + run),92,juil. 2035,Y8,1309.5,8798.0,293.0,175.0,118.0,105.0,948.0,1340.0,772.0,28.0,3487.0,13595.0,94566.0,23.0,133.0,173819.0,72145.0,245964.0,22442.0,229573.0,278.3,11.2,58.0,48000.0,410972.0,4931663.0,87.1,358117.0,52855.0,43778.0,35850.0,10,5000,0.0,5000.0,166047.0,optimal,89111.0,269005.0,10639572.0,16.2,80139529.0,DÉPASSÉ,,
Leader Multisport (cyclisme + tri + run),93,août 2035,Y8,1323.4,8857.0,295.0,176.0,119.0,106.0,955.0,1347.0,803.0,29.0,3535.0,13715.0,95778.0,23.0,133.0,176472.0,72627.0,249100.0,22802.0,233378.0,282.9,11.2,58.0,48000.0,415679.0,4988154.0,87.1,362208.0,53471.0,43778.0,35850.0,10,5000,89121.0,94121.0,176407.0,optimal,89111.0,273097.0,10793431.0,16.2,81057497.0,DÉPASSÉ,,
Leader Multisport (cyclisme + tri + run),94,sept. 2035,Y8,1337.3,8915.0,296.0,176.0,120.0,106.0,961.0,1355.0,833.0,30.0,3582.0,13834.0,96969.0,23.1,134.0,179133.0,73103.0,252236.0,23163.0,237198.0,287.5,11.2,58.0,48000.0,420368.0,5044418.0,87.1,366283.0,54085.0,43778.0,35850.0,10,5000,0.0,5000.0,175168.0,optimal,89111.0,277172.0,11070603.0,18.2,92060631.0,DÉPASSÉ,,
Leader Multisport (cyclisme + tri + run),95,oct. 2035,Y8,1351.0,8972.0,297.0,177.0,120.0,107.0,967.0,1362.0,863.0,31.0,3628.0,13951.0,98139.0,23.1,135.0,181801.0,73573.0,255374.0,23526.0,241034.0,292.2,11.2,58.0,48000.0,425038.0,5100461.0,87.1,370341.0,54697.0,43778.0,35850.0,10,5000,0.0,5000.0,173956.0,optimal,89111.0,281230.0,11351833.0,18.2,93083413.0,DÉPASSÉ,,
Leader Multisport (cyclisme + tri + run),96,nov. 2035,Y8,1364.7,9029.0,298.0,177.0,121.0,107.0,973.0,1369.0,892.0,32.0,3673.0,14066.0,99289.0,23.1,135.0,184475.0,74037.0,258512.0,23889.0,244884.0,296.8,11.2,58.0,48000.0,429691.0,5156286.0,87.1,374383.0,55307.0,43778.0,45850.0,11,5000,92116.0,97116.0,184283.0,optimal,99111.0,275272.0,11503925.0,18.2,94102225.0,DÉPASSÉ,,
Leader Multisport (cyclisme + tri + run),97,déc. 2035,Y9,1378.4,9085.0,299.0,178.0,122.0,108.0,980.0,1376.0,921.0,34.0,3717.0,14180.0,100436.0,23.1,136.0,187156.0,74495.0,261651.0,24254.0,248749.0,301.5,11.2,58.0,48000.0,434341.0,5212093.0,87.1,378423.0,55918.0,43778.0,45850.0,11,5000,0.0,5000.0,183002.0,optimal,99111.0,279311.0,11783237.0,18.2,95120699.0,DÉPASSÉ,,
Leader Multisport (cyclisme + tri + run),98,jan. 2036,Y9,1391.9,9140.0,301.0,178.0,122.0,108.0,985.0,1383.0,949.0,36.0,3761.0,14293.0,101563.0,23.1,136.0,189844.0,74947.0,264791.0,24620.0,252629.0,306.2,11.2,58.0,48000.0,438974.0,5267688.0,87.1,382447.0,56527.0,43778.0,45850.0,11,5000,0.0,5000.0,181747.0,optimal,99111.0,283335.0,12066572.0,18.2,96135305.0,DÉPASSÉ,,
Leader Multisport (cyclisme + tri + run),99,fév. 2036,Y9,1405.4,9194.0,302.0,179.0,123.0,109.0,991.0,1390.0,976.0,37.0,3805.0,14404.0,102671.0,23.1,137.0,192538.0,75394.0,267932.0,24987.0,256524.0,310.9,11.2,58.0,48000.0,443590.0,5323075.0,87.1,386455.0,57135.0,43778.0,45850.0,11,5000,93948.0,98948.0,191905.0,optimal,99111.0,287344.0,12228325.0,18.2,97146113.0,DÉPASSÉ,,
Leader Multisport (cyclisme + tri + run),100,mars 2036,Y9,1418.8,9248.0,303.0,179.0,124.0,109.0,997.0,1396.0,1003.0,39.0,3847.0,14514.0,103759.0,23.2,138.0,195238.0,75835.0,271073.0,25356.0,260433.0,315.7,11.2,58.0,48000.0,448188.0,5378257.0,87.1,390448.0,57740.0,43778.0,45850.0,11,5000,0.0,5000.0,190586.0,optimal,99111.0,291337.0,12519662.0,18.2,98153194.0,DÉPASSÉ,,
Leader Multisport (cyclisme + tri + run),101,avr. 2036,Y9,1432.1,9301.0,304.0,179.0,125.0,110.0,1003.0,1402.0,1030.0,40.0,3889.0,14622.0,104829.0,23.2,138.0,197945.0,76271.0,274216.0,25725.0,264356.0,320.4,11.2,58.0,48000.0,452770.0,5433239.0,87.1,394426.0,58344.0,43778.0,45850.0,11,5000,0.0,5000.0,189293.0,optimal,99111.0,295315.0,12814977.0,18.2,99156617.0,DÉPASSÉ,,
Leader Multisport (cyclisme + tri + run),102,mai 2036,Y9,1445.4,9354.0,305.0,180.0,125.0,110.0,1008.0,1409.0,1056.0,42.0,3929.0,14729.0,105881.0,23.2,139.0,200658.0,76701.0,277359.0,26096.0,268293.0,325.2,11.2,58.0,48000.0,457335.0,5488025.0,87.1,398390.0,58945.0,43778.0,45850.0,11,5000,97984.0,102984.0,199553.0,optimal,99111.0,299279.0,12983356.0,18.2,100156449.0,DÉPASSÉ,,OUI
Leader Multisport (cyclisme + tri + run),103,juin 2036,Y9,1458.5,9406.0,306.0,180.0,126.0,110.0,1014.0,1415.0,1081.0,43.0,3970.0,14834.0,106914.0,23.1,139.0,203377.0,77126.0,280503.0,26468.0,272245.0,330.0,11.2,58.0,48000.0,461885.0,5542617.0,87.1,402339.0,59545.0,43778.0,45850.0,11,5000,0.0,5000.0,198198.0,optimal,99111.0,303228.0,13286584.0,18.2,101152755.0,DÉPASSÉ,,OUI
Leader Multisport (cyclisme + tri + run),104,juil. 2036,Y9,1471.6,9457.0,307.0,181.0,127.0,111.0,1019.0,1421.0,1106.0,45.0,4009.0,14937.0,107930.0,23.1,140.0,206102.0,77545.0,283647.0,26841.0,276210.0,334.8,11.2,58.0,48000.0,466418.0,5597019.0,87.1,406275.0,60144.0,43778.0,45850.0,11,5000,0.0,5000.0,196869.0,optimal,99111.0,307163.0,13593747.0,18.2,102145600.0,DÉPASSÉ,,OUI
Leader Multisport (cyclisme + tri + run),105,août 2036,Y9,1484.7,9507.0,308.0,181.0,127.0,111.0,1024.0,1427.0,1131.0,46.0,4048.0,15040.0,108929.0,23.1,141.0,208833.0,77960.0,286793.0,27215.0,280189.0,339.6,11.2,58.0,48000.0,470936.0,5651235.0,87.1,410196.0,60740.0,43778.0,45850.0,11,5000,101976.0,106976.0,207220.0,optimal,99111.0,311085.0,13768679.0,18.2,103135048.0,DÉPASSÉ,,OUI
Leader Multisport (cyclisme + tri + run),106,sept. 2036,Y9,1497.7,9557.0,309.0,181.0,128.0,112.0,1030.0,1432.0,1155.0,47.0,4086.0,15141.0,109910.0,23.1,141.0,211570.0,78369.0,289939.0,27590.0,284181.0,344.5,11.1,58.0,48000.0,475439.0,5705269.0,87.1,414104.0,61335.0,43778.0,45850.0,11,5000,0.0,5000.0,205831.0,optimal,99111.0,314993.0,14083672.0,18.2,104121161.0,DÉPASSÉ,,OUI
Leader Multisport (cyclisme + tri + run),107,oct. 2036,Y9,1510.6,9606.0,310.0,182.0,129.0,112.0,1035.0,1438.0,1179.0,49.0,4123.0,15240.0,110875.0,23.1,142.0,214313.0,78773.0,293086.0,27966.0,288187.0,349.3,11.1,58.0,48000.0,479927.0,5759123.0,87.1,417998.0,61928.0,43778.0,45850.0,11,5000,0.0,5000.0,204468.0,optimal,99111.0,318887.0,14402559.0,18.2,105103999.0,DÉPASSÉ,,OUI
Leader Multisport (cyclisme + tri + run),108,nov. 2036,Y9,1523.4,9655.0,311.0,182.0,129.0,113.0,1040.0,1444.0,1202.0,50.0,4160.0,15338.0,111823.0,23.1,142.0,217062.0,79172.0,296234.0,28343.0,292206.0,354.2,11.1,58.0,48000.0,484400.0,5812801.0,87.1,421880.0,62520.0,43778.0,45850.0,11,5000,105925.0,110925.0,214900.0,optimal,99111.0,322769.0,14583979.0,18.2,106083623.0,DÉPASSÉ,,OUI
Leader Multisport (cyclisme + tri + run),109,déc. 2036,Y10,1536.2,9703.0,312.0,183.0,130.0,113.0,1045.0,1449.0,1225.0,52.0,4196.0,15435.0,112755.0,23.1,143.0,219817.0,79566.0,299382.0,28722.0,296237.0,359.1,11.1,58.0,48000.0,488859.0,5866306.0,87.1,425749.0,63110.0,43778.0,45850.0,11,5000,0.0,5000.0,213479.0,optimal,99111.0,326637.0,14910616.0,18.2,107060091.0,DÉPASSÉ,,OUI
Leader Multisport (cyclisme + tri + run),110,jan. 2037,Y10,1548.8,9751.0,313.0,183.0,130.0,113.0,1050.0,1454.0,1247.0,53.0,4231.0,15531.0,113671.0,23.0,144.0,222577.0,79955.0,302532.0,29101.0,300282.0,364.0,11.1,58.0,48000.0,493303.0,5919642.0,87.1,429605.0,63699.0,43778.0,45850.0,11,5000,0.0,5000.0,212084.0,optimal,99111.0,330493.0,15241109.0,18.2,108033460.0,DÉPASSÉ,,OUI
Leader Multisport (cyclisme + tri + run),111,fév. 2037,Y10,1561.5,9797.0,314.0,183.0,131.0,114.0,1054.0,1460.0,1269.0,54.0,4266.0,15625.0,114571.0,23.0,144.0,225342.0,80339.0,305681.0,29481.0,304340.0,368.9,11.1,58.0,48000.0,497734.0,5972810.0,87.1,433448.0,64286.0,43778.0,45850.0,11,5000,109835.0,114835.0,222588.0,optimal,99111.0,334337.0,15428952.0,18.2,109003787.0,DÉPASSÉ,,OUI
Leader Multisport (cyclisme + tri + run),112,mars 2037,Y10,1574.0,9844.0,315.0,184.0,132.0,114.0,1059.0,1465.0,1291.0,56.0,4300.0,15718.0,115456.0,23.0,145.0,228113.0,80719.0,308832.0,29863.0,308411.0,373.8,11.1,58.0,48000.0,502151.0,6025815.0,87.1,437280.0,64871.0,43778.0,45850.0,11,5000,0.0,5000.0,221136.0,optimal,99111.0,338168.0,15767120.0,18.2,109971126.0,DÉPASSÉ,,OUI
Leader Multisport (cyclisme + tri + run),113,avr. 2037,Y10,1586.5,9889.0,316.0,184.0,132.0,115.0,1064.0,1470.0,1312.0,57.0,4333.0,15809.0,116326.0,23.0,146.0,230890.0,81093.0,311983.0,30245.0,312493.0,378.8,11.1,58.0,48000.0,506555.0,6078659.0,87.1,441099.0,65456.0,43778.0,45850.0,11,5000,0.0,5000.0,219710.0,optimal,99111.0,341988.0,16109109.0,18.2,110935533.0,DÉPASSÉ,,OUI
Leader Multisport (cyclisme + tri + run),114,mai 2037,Y10,1598.9,9935.0,317.0,184.0,133.0,115.0,1068.0,1475.0,1333.0,58.0,4366.0,15900.0,117182.0,22.9,146.0,233672.0,81463.0,315135.0,30629.0,316589.0,383.7,11.1,58.0,48000.0,510945.0,6131346.0,87.1,444907.0,66038.0,43778.0,45850.0,11,5000,113708.0,118708.0,230278.0,optimal,99111.0,345796.0,16303315.0,18.2,111897059.0,DÉPASSÉ,,OUI
Leader Multisport (cyclisme + tri + run),115,juin 2037,Y10,1611.3,9979.0,318.0,185.0,133.0,115.0,1073.0,1479.0,1354.0,60.0,4399.0,15989.0,118022.0,22.9,147.0,236459.0,81829.0,318288.0,31013.0,320696.0,388.7,11.1,58.0,48000.0,515323.0,6183877.0,87.1,448704.0,66619.0,43778.0,45850.0,11,5000,0.0,5000.0,228798.0,optimal,99111.0,349592.0,16652908.0,18.2,112855757.0,DÉPASSÉ,,OUI
Leader Multisport (cyclisme + tri + run),116,juil. 2037,Y10,1623.6,10023.0,319.0,185.0,134.0,116.0,1077.0,1484.0,1374.0,61.0,4430.0,16077.0,118849.0,22.9,147.0,239252.0,82189.0,321441.0,31398.0,324816.0,393.7,11.1,58.0,48000.0,519688.0,6236256.0,87.1,452489.0,67199.0,43778.0,45850.0,11,5000,0.0,5000.0,227343.0,optimal,99111.0,353378.0,17006285.0,18.2,113811678.0,DÉPASSÉ,,OUI
Leader Multisport (cyclisme + tri + run),117,août 2037,Y10,1635.8,10067.0,320.0,185.0,135.0,116.0,1081.0,1489.0,1393.0,62.0,4461.0,16164.0,119661.0,22.8,148.0,242049.0,82546.0,324595.0,31785.0,328947.0,398.7,11.1,58.0,48000.0,524041.0,6288486.0,87.1,456263.0,67778.0,43778.0,45850.0,11,5000,117545.0,122545.0,237968.0,optimal,99111.0,357152.0,17206799.0,18.2,114764871.0,DÉPASSÉ,,OUI
Leader Multisport (cyclisme + tri + run),118,sept. 2037,Y10,1647.9,10109.0,321.0,186.0,135.0,117.0,1086.0,1493.0,1413.0,63.0,4492.0,16249.0,120459.0,22.8,149.0,244852.0,82898.0,327749.0,32172.0,333091.0,403.7,11.1,58.0,48000.0,528381.0,6340569.0,87.1,460026.0,68355.0,43778.0,45850.0,11,5000,0.0,5000.0,236460.0,optimal,99111.0,360915.0,17567714.0,18.2,115715385.0,DÉPASSÉ,,OUI
Leader Multisport (cyclisme + tri + run),119,oct. 2037,Y10,1660.0,10152.0,322.0,186.0,136.0,117.0,1090.0,1497.0,1432.0,64.0,4522.0,16334.0,121244.0,22.8,149.0,247660.0,83245.0,330905.0,32560.0,337246.0,408.8,11.1,58.0,48000.0,532709.0,6392508.0,87.1,463779.0,68930.0,43778.0,45850.0,11,5000,0.0,5000.0,234977.0,optimal,99111.0,364667.0,17932381.0,18.2,116663269.0,DÉPASSÉ,,OUI
Leader Multisport (cyclisme + tri + run),120,nov. 2037,Y10,1672.1,10194.0,323.0,186.0,136.0,117.0,1094.0,1502.0,1450.0,66.0,4552.0,16417.0,122016.0,22.7,150.0,250472.0,83588.0,334060.0,32949.0,341413.0,413.8,11.1,58.0,48000.0,537025.0,6444305.0,87.1,467521.0,69505.0,43778.0,45850.0,11,5000,121348.0,126348.0,245654.0,optimal,99111.0,368409.0,18139148.0,18.2,117608570.0,DÉPASSÉ,,OUI
